{
  "baseline": {
    "accuracy": 0.7654320987654321,
    "precision": 0.71875,
    "recall": 0.696969696969697,
    "f1": 0.7076923076923077,
    "roc_auc": 0.790719696969697
  },
  "xgboost": {
    "accuracy": 0.9876543209876543,
    "precision": 1.0,
    "recall": 0.9696969696969697,
    "f1": 0.9846153846153847,
    "roc_auc": 0.999368686868687
  }
}